Date,Total_Cases,New_Cases,Total_Deaths,New_Deaths,Total_Recovered,Active_Cases,Serious_Critical
April16,7966,42,72,0,4518,3376,71
April17,8039,73,76,4,4651,3312,64
April18,8105,66,81,5,5050,2974,60
April19,8140,35,83,2,5159,2898,68
April20,8164,24,83,0,5269,2812,53
April21,8190,26,84,1,5751,2355,54
April22,8198,8,88,4,6016,2094,51
April23,8219,21,91,3,6171,1957,49
April24,8232,13,96,5,6299,1837,46
April25,8257,25,98,2,6558,1601,46
April26,8286,29,101,3,6772,1413,45
April27,8291,5,102,1,6844,1345,46
April28,8312,21,107,5,6918,1287,45
April29,8322,10,108,1,6975,1239,41
April30,8332,10,111,3,7035,1186,37
May01,8348,16,112,1,7077,1159,31
May02,8368,20,113,1,7134,1121,30
May03,8390,22,115,2,7165,1110,31
May04,8414,24,115,0,7225,1074,30
May05,8439,26,116,1,7284,1039,29
May06,8467,28,118,2,7393,956,31
May07,8489,22,118,0,7468,903,26
May08,8508,19,118,0,7522,868,25
May09,8525,17,118,0,7599,808,22
May10,8539,14,118,0,7630,791,20
May11,8549,10,118,0,7661,770,19
May12,8565,16,118,0,7725,722,19
May13,8581,16,119,1,7771,691,20
May14,8590,9,119,0,7811,660,20
May15,8621,31,119,0,7858,644,19
May16,8638,17,119,0,7890,629,16
May17,8648,10,119,0,7900,629,16
May18,8663,15,120,1,7926,617,12
May19,8675,12,121,1,7956,598,13
May20,8686,11,121,0,7992,573,10
May21,8688,2,121,0,8025,542,10
May22,8703,15,122,1,8035,546,8
May23,8719,16,123,1,8050,546,6
May24,8722,3,123,0,8065,534,6
May25,8726,4,123,0,8088,515,6
May26,8741,15,123,0,8115,503,6
May27,8747,6,124,1,8129,494,6
May28,8759,12,125,1,8155,479,5
May29,8782,23,125,0,8164,493,4
May30,8794,12,125,0,8188,481,4
May31,8804,10,125,0,8196,483,4
June01,8814,10,124,0,8201,489,3
June02,8831,17,124,0,8208,499,4
June03,8839,8,124,0,8222,493,5
June04,8850,11,124,0,8233,493,4
June05,8861,11,124,0,8268,469,2
June06,8865,4,124,0,8275,466,2
June07,8870,5,124,0,8289,457,3
June08,8875,5,124,0,8294,457,3
June09,8878,3,124,0,8308,446,2
June10,8887,9,124,0,8332,431,3
June11,8896,9,124,0,8349,423,2
June12,8901,5,124,0,8371,406,2
June13,8913,12,124,0,8400,389,2
June14,8931,18,124,0,8426,381,3
June15,8946,15,124,0,8439,383,4
June16,8960,14,124,0,8442,394,4
June17,8983,23,124,0,8448,411,3
June18,9005,22,124,0,8466,415,2
June19,9023,18,124,0,8467,432,2
June20,9052,29,124,0,8470,458,2
June21,9079,27,124,0,8485,470,2
June22,9095,16,124,0,8492,479,2
June23,9115,20,124,0,8494,497,2
June24,9146,31,125,1,8505,516,3
June25,9186,40,126,1,8522,538,2
June26,9225,39,126,0,8549,550,1
June27,9273,48,126,0,8570,577,1
June28,9324,51,126,0,8570,628,1
June29,9407,83,126,0,8599,682,1
June30,9476,69,126,0,8599,751,1
July01,9560,84,126,0,8631,803,3
July02,9643,83,126,0,8687,830,6
July03,9897,254,126,0,8916,855,8
July04,10004,107,126,0,8952,926,5
July05,10094,90,126,0,8996,972,5
July06,10233,139,128,2,9017,1088,7
July07,10406,173,128,0,9054,1224,10
July08,10538,132,128,0,9086,1324,8
July09,10714,176,128,0,9174,1412,10
July10,11021,307,128,0,9180,1713,13
July11,11216,195,129,1,9334,1753,16
July12,11460,244,130,1,9331,1999,17
July13,11644,184,130,0,9372,2142,18
July14,11915,271,130,0,9440,2345,28
July15,12155,240,133,3,9533,2489,28
July16,12479,324,135,2,9641,2703,30
July17,12910,431,138,3,9730,3042,32
July18,13117,207,140,2,9774,3203,26
July19,13481,364,144,4,9886,3451,29
July20,13753,272,146,2,10057,3550,33
July21,14121,368,148,3,10057,3916,38
July22,14592,471,150,2,10271,4171,42
July23,15003,411,155,5,10396,4452,41
July24,15294,291,161,6,10553,4580,42
July25,15656,362,167,6,10641,4848,46
July26,16132,476,177,10,10794,5161,46
July27,16664,532,183,6,10935,5546,49
July28,17035,371,189,6,11056,5790,50
July29,17315,280,200,11,11246,5869,46
July30,18037,722,213,13,11385,6439,39
July31,18648,611,222,9,11613,6813,45
August01,19046,398,226,4,11856,6964,50
August02,19709,663,233,7,12074,7402,46
August03,20107,398,246,13,12276,7585,43
August04,20524,417,257,11,12281,7986,44
August05,21279,755,272,15,12468,8539,47
August06,21707,428,281,9,12791,8635,52
August07,22147,440,292,11,12999,8856,51
August08,22574,427,304,12,13240,9030,53
August09,22986,412,321,17,13548,9117,51
August10,23342,356,339,18,13815,9188,52
August11,23659,317,357,18,14086,9216,56
August12,24182,523,378,21,14492,9312,52
August13,24408,244,387,9,14716,9305,53
August14,24833,425,401,14,15065,9367,49
August15,25132,299,405,4,15349,9378,49
August16,25450,318,422,17,15827,9201,51
August17,25785,335,447,25,16290,9048,57
August18,26025,240,464,17,16680,8881,59
August19,26251,226,476,12,16997,8778,59
August20,26513,262,490,14,19693,6330,59
August21,26782,269,499,9,20386,5897,58
August22,26983,201,512,13,20685,5786,54
August23,27236,253,529,17,21196,5511,50
August24,27423,187,544,15,21567,5312,50
August25,27585,162,552,8,21779,5254,53
August26,27784,199,576,24,22119,5089,59
August27,27914,130,600,24,22400,4914,48
August28,28148,234,612,12,22674,4862,49
August29,28260,112,629,17,22904,4727,46
August30,28391,131,640,11,23166,4585,44
August31,28567,176,681,41,23418,4468,41
September01,28656,89,686,5,23584,4386,41
September02,28825,169,692,6,23910,4223,35
September03,28956,131,707,15,24148,4101,38
September04,29128,172,767,60,24437,3924,38
September05,29213,85,779,12,24600,3834,34
September06,29290,77,784,5,24738,3768,35
September07,29425,135,793,9,25044,3588,41
September08,29489,64,801,8,25168,3520,38
September09,29609,120,812,11,25311,3486,35
September10,29727,56,819,7,25541,3367,31
September11,29877,150,830,11,25795,3252,26
September12,29921,44,836,6,25916,3169,23
September13,29969,48,844,8,26062,3063,25
September14,30158,189,850,6,26210,3098,25
September15,30208,50,850,0,26300,3058,24
September16,30254,46,859,9,26378,3017,23
September17,30295,41,867,8,26462,2966,24
September18,30355,48,872,5,26726,2757,24
September19,30541,186,879,7,26993,2669,21
September20,30559,18,885,6,27093,2581,18
September21,30573,14,887,2,27197,2489,16
September22,30736,163,890,3,27403,2443,19
September23,30777,41,895,5,27609,2273,19
September24,30868,91,900,5,27992,1976,19
September25,30997,129,909,9,28172,1916,22
September26,31017,20,910,1,28221,1886,23
September27,31043,26,912,2,28286,1845,22
September28,31047,4,915,3,28334,1798,21
September29,31219,172,923,8,28473,1823,21
September30,31359,140,927,4,28596,1836,22
October01,31394,35,929,2,28632,1833,22
October02,31523,129,932,3,28733,1858,18
October03,31533,10,935,3,28770,1828,18
October04,31553,20,936,1,28791,1826,18
October05,31831,278,937,1,29033,1861,14
October06,31860,29,938,1,29058,1864,13
October07,32001,141,941,3,29175,1885,15
October08,32098,97,941,0,29195,1962,12
October09,32457,359,941,0,29378,2138,13
October10,32476,19,941,0,29394,2141,10
October11,32503,27,942,1,29405,2156,9
October12,33032,529,943,1,29544,2545,10
October13,33064,32,944,1,29577,2543,10
October14,33425,361,951,7,29937,2537,10
October15,33448,23,951,0,29951,2546,10
October16,33685,237,952,1,30336,2397,11
October17,33703,18,952,0,30357,2394,10
October18,33714,11,952,0,30368,2394,11
October19,34473,759,955,3,30736,2782,21
October20,34504,31,955,0,30755,2794,21
October21,35158,592,958,3,31112,3088,19
October22,35184,26,958,0,31128,3098,18
October23,35847,663,959,1,31226,3662,17
October24,35873,26,959,0,31241,3673,17
October25,35957,22,959,0,31315,3683,17
October26,36546,589,965,6,31740,3841,19
October27,36561,15,965,0,31754,3842,20
October28,37407,846,970,5,32523,3914,25
October29,37429,22,970,0,32568,3891,25
October30,37445,16,970,0,32578,3897,25
October31,37460,15,970,0,32657,3833,25
November01,37467,7,970,0,32669,3828,25
November02,38863,1396,979,9,32689,5195,25
November03,39179,316,979,0,32728,5472,27
November04,39539,360,980,1,32761,5798,26
November05,40021,482,980,0,32782,6259,24
November06,40274,253,980,0,32814,6480,26
November07,40283,9,980,0,32829,6474,26
November08,40297,14,980,0,32846,6471,26
November09,40996,699,990,10,32850,7156,24
November10,41298,302,993,3,32854,7451,25
November11,41653,355,993,0,32858,7802,21
November12,41839,186,993,0,32865,7981,24
November13,42069,230,994,1,32875,8200,26
November14,42080,11,994,0,32888,8198,26
November15,42102,22,994,0,32896,8212,26
November16,42539,437,997,3,32904,8638,26
November17,42794,255,1002,5,32912,8880,27
November18,43041,247,1003,1,32914,9124,24
November19,43279,238,1003,0,32946,9330,24
November20,43452,173,1004,1,32949,9499,23
November21,43474,22,1004,0,32966,9504,23
November22,43498,24,1004,0,32968,9526,23
November23,43830,332,1009,5,32977,9844,23
November24,44094,264,1011,2,32985,10098,22
November25,44393,299,1011,0,32993,10389,22
November26,44505,112,1013,2,33015,10477,22
November27,44732,227,1014,1,33021,10697,21
November28,44746,14,1014,0,33036,10696,21
November29,44754,8,1014,0,33040,10700,21
November30,45062,298,1017,3,33061,10984,24
December01,45261,199,1018,1,33068,11175,24
December02,45443,182,1019,1,33079,11345,23
December03,45650,207,1020,1,33096,11534,26
December04,45875,225,1021,1,33117,11737,25
December05,45891,16,1021,0,33134,11736,25
December06,45900,9,1021,0,33140,11739,25
December07,45908,8,1021,0,33144,11743,25
December08,46168,260,1028,7,33162,11978,25
December09,46256,88,1032,4,33175,12049,25
December10,46387,131,1033,1,33181,12173,25
December11,46522,135,1034,1,33185,12303,25
December12,46535,13,1034,0,33191,12310,25
December13,46548,11,1034,0,33203,12311,25
December14,46689,141,1039,5,33215,12435,26
December15,46825,136,1040,1,33220,12565,24
December16,46945,120,1041,1,33239,12665,24
December17,47160,187,1044,3,33259,12857,19
December18,47257,97,1046,2,33267,12944,22
December19,47291,34,1046,0,33268,12977,21
December20,47341,50,1046,0,33277,13018,21
December21,47536,195,1050,4,33282,13204,23
December22,47623,87,1050,0,33289,13284,23
December23,47705,82,1051,1,33309,13345,23
December24,47832,127,1052,1,33373,13407,21
December25,47846,14,1052,0,33373,13421,21
December26,47867,21,1052,0,33378,13437,21
December27,47898,31,1052,0,33396,13450,21
December28,48069,171,1058,6,33404,13607,24
December29,48188,119,1058,0,33430,13700,22
December30,48278,90,1059,1,33437,13782,24
December31,48388,110,1059,0,33446,13883,24
Jan01_2021,48410,22,1059,0,33447,13904,24
Jan02_2021,48453,43,1059,0,33455,13939,24
Jan03_2021,48506,53,1059,0,33559,13888,24
Jan04_2021,48589,83,1066,7,33559,13964,20
Jan05_2021,48713,124,1066,0,33587,14060,20
Jan06_2021,48773,60,1066,0,33599,14108,19
Jan07_2021,48849,76,1066,0,33609,14174,19
Jan07_2021,48849,76,1066,0,33609,14174,19
Jan08_2021,48932,83,1067,1,33617,14248,21
Jan09_2021,48944,12,1067,0,33622,14255,21
Jan10_2021,48987,43,1067,0,33646,14274,21
Jan11_2021,49116,129,1069,2,33659,14388,19
Jan12_2021,49202,86,1069,0,33661,14472,20
Jan13_2021,49305,103,1069,0,33708,14528,20
Jan14_2021,49430,125,1071,2,33717,14642,18
Jan15_2021,49502,72,1071,0,33727,14704,17
Jan16_2021,49529,27,1071,0,33744,14714,17
Jan17_2021,49560,31,1071,0,33775,14714,18
Jan18_2021,49641,81,1072,1,33783,14786,22
Jan19_2021,49650,9,1072,0,33794,14784,21
Jan20_2021,49666,16,1072,0,33856,14738,21
Jan21_2021,49799,22,1073,0,33868,14858,13
Jan22_2021,49845,46,1073,0,33888,14884,12
Jan23_2021,49851,6,1073,0,33901,14877,12
Jan24_2021,49863,12,1073,0,33913,14877,12
Jan25_2021,49939,76,1074,1,33947,14918,11
Jan26_2021,50009,70,1076,2,33974,14959,9
Jan27_2021,50055,46,1076,0,33991,14988,9
Jan28_2021,50104,49,1076,0,34005,15023,10
Jan29_2021,50144,40,1076,0,34014,15054,10
Jan30_2021,50151,7,1076,0,34027,15048,10
Jan31_2021,50172,21,1076,0,34043,15053,10
Feb01_2021,50221,49,1077,1,34060,15084,14
Feb02_2021,50230,9,1077,0,34071,15082,14
Feb03_2021,50281,31,1078,0,34084,15119,13
Feb04_2021,50339,34,1078,0,34098,15163,12
Feb05_2021,50365,26,1078,0,34099,15188,8
Feb06_2021,50373,8,1078,0,34102,15193,8
Feb07_2021,50384,11,1078,0,34124,15182,8
Feb08_2021,50421,37,1080,2,34127,15214,5
Feb09_2021,50444,22,1080,0,34140,15224,6
Feb11_2021,50512,33,1080,0,34168,15264,5
Feb12_2021,50532,20,1080,0,34185,15267,6
Feb13_2021,50540,8,1080,0,34188,15272,6
Feb14_2021,50548,8,1080,0,34195,15273,6
Feb15_2021,50587,39,1080,0,34207,15300,6
Feb16_2021,50639,52,1083,3,34210,15346,4
Feb17_2021,50670,31,1083,0,34216,15371,4
Feb18_2021,50692,22,1083,0,34224,15385,4
Feb19_2021,50728,21,1084,1,34228,15416,4
Feb20_2021,50732,4,1084,0,34233,15415,4
Feb21_2021,50797,6,1084,0,34236,15477,4
Feb22_2021,50843,46,1085,1,34247,15511,5
Feb23_2021,50919,55,1085,0,34250,15584,5
Feb24_2021,50960,41,1087,2,34257,15616,5
Feb25_2021,51071,111,1088,1,34262,15721,5
Feb26_2021,51096,25,1088,0,34267,15741,6
Feb27_2021,51151,55,1088,0,34271,15792,6
Feb28_2021,51160,9,1088,0,34278,15794,6
Mar01_2021,51284,124,1090,2,34285,15909,2
Mar02_2021,51314,30,1091,1,34292,15931,2
Mar03_2021,51353,39,1091,0,34306,15956,2
Mar04_2021,51440,87,1093,2,34309,16038,2
Mar05_2021,51517,77,1093,0,34312,16112,2
Mar06_2021,51572,55,1093,0,34322,16157,2
Mar07_2021,51644,72,1093,0,34324,16227,3
Mar08_2021,51780,136,1094,1,34327,16359,3
Mar09_2021,51818,38,1094,0,34339,16385,3
Mar10_2021,51962,144,1099,5,34346,16517,3
Mar11_2021,52146,184,1099,0,34356,16691,3
Mar12_2021,52193,47,1099,0,34363,16731,5
Mar13_2021,52241,48,1099,0,34369,16773,4
Mar14_2021,52515,274,1099,0,34376,17040,4
Mar15_2021,52748,234,1104,5,34377,17267,4
Mar16_2021,52903,155,1104,0,34378,17421,4
Mar17_2021,52955,52,1104,0,34380,17471,4
Mar18_2021,53115,160,1109,5,34385,17621,4
Mar19_2021,53492,377,1114,5,34439,17939,6
Mar20_2021,53809,317,1115,1,34446,18248,7
Mar21_2021,53829,20,1115,0,34453,18261,9
Mar22_2021,54357,254,1115,0,34462,18780,10
Mar23_2021,54566,209,1117,2,34474,18975,9
Mar24_2021,54947,381,1120,3,34481,19346,7
Mar25_2021,54976,38,1120,0,34487,19369,6
Mar26_2021,55558,582,1121,1,34519,19918,5
Mar27_2021,55580,22,1121,0,34526,19933,6
Mar28_2021,56118,538,1127,6,34527,20464,6
Mar29_2021,56328,210,1131,4,34533,20664,6
Mar30_2021,56639,311,1138,7,34545,20956,6
Mar31_2021,57003,364,1142,4,34566,21295,6
Apr01_2021,57191,188,1142,0,34575,21474,6
Apr02_2021,57569,378,1142,0,34577,21850,6
Apr03_2021,57708,139,1142,0,34586,21980,6
Apr04_2021,58155,447,1143,1,34601,22411,6
Apr05_2021,58540,385,1149,6,34606,22785,6
Apr06_2021,58572,33,1149,0,34621,22802,6
Apr07_2021,58825,253,1150,1,34627,23048,6
Apr08_2021,59069,244,1151,1,34639,23279,5
Apr09_2021,59250,181,1151,0,34662,23437,5
Apr10_2021,59611,361,1151,0,34671,23789,5
Apr11_2021,59720,109,1151,0,34675,23894,5
Apr12_2021,59925,205,1152,1,34697,24076,5
Apr13_2021,60171,246,1153,1,34699,24319,5
Apr14_2021,60350,179,1155,2,34721,24474,4
Apr15_2021,60584,233,1166,11,34728,24690,4
Apr16_2021,60762,170,1166,0,34728,24868,4
Apr17_2021,60959,197,1168,2,34767,25024,4
Apr18_2021,61205,246,1173,5,34782,25250,4
Apr19_2021,61472,267,1175,2,34798,25499,4
Apr20_2021,61499,34,1176,1,41337,18986,8
Apr21_2021,61906,407,1184,8,41342,19380,8
Apr22_2021,61932,26,1184,0,41352,19396,8
Apr23_2021,61970,38,1184,0,41403,19383,8
Apr24_2021,62275,305,1187,3,42349,18739,8
Apr25_2021,62357,80,1187,0,44469,16701,9
Apr26_2021,62570,213,1190,3,44676,16704,7
Apr27_2021,62620,50,1190,0,44703,16727,7
Apr28_2021,62729,109,1192,2,44951,16586,7
Apr29_2021,62859,130,1194,2,45138,16527,5
Apr30_2021,62925,66,1194,0,45144,16587,5
May01_2021,63020,95,1202,8,59279,2539,5
May02_2021,63126,106,1202,0,59494,2430,5
May03_2021,63210,84,1202,0,59725,2283,5
May04_2021,63239,29,1208,6,59853,2178,4
May05_2021,63400,145,1208,0,60286,1906,4
May06_2021,63654,254,1209,1,60435,2010,4
May07_2021,63687,33,1209,0,60484,1994,3
May07_2021,63687,33,1209,0,60484,1994,3
May08_2021,63702,15,1209,0,60503,1990,3
May09_2021,63717,15,1209,0,60505,2003,3
May09_2021,63717,15,1209,0,60505,2003,3
May10_2021,64197,227,1209,0,60854,2134,3
May11_2021,64356,159,1209,0,60922,2225,3
May12_2021,65145,789,1218,9,61221,2706,3
May13_2021,65403,258,1222,4,61326,2855,3
May14_2021,65890,306,1225,3,61802,2863,3
May15_2021,65902,12,1225,0,61817,2860,3
May16_2021,65915,13,1225,0,61827,2863,3
May17_2021,66147,232,1225,0,61839,3083,3
May18_2021,66453,306,1225,0,62197,3031,3
May19_2021,66604,151,1228,3,62206,3170,3
May21_2021,67212,14,1243,0,64731,1238,3
May22_2021,67227,15,1243,0,64750,1234,3
May23_2021,67264,37,1243,0,64753,1268,3
May24_2021,67557,16,1245,0,65061,1251,3
May25_2021,67626,69,1244,0,65191,1191,3
May26_2021,67828,193,1249,4,65229,1350,2
May27_2021,67919,91,1252,3,65388,1279,2
May28_2021,68113,194,1252,0,65636,1225,4
May29_2021,68367,254,1252,0,65940,1175,4
May30_2021,68488,121,1252,0,66050,1186,4
May31_2021,68601,113,1252,0,66187,1162,4
Jun01_2021,68644,43,1252,0,66194,1198,4
Jun02_2021,68710,57,1252,0,66212,1246,4
Jun03_2021,69027,211,1252,0,66577,1198,4
Jun04_2021,69081,54,1252,0,66601,1228,4
Jun05_2021,69195,114,1254,2,66747,1194,9
Jun06_2021,69364,169,1254,0,66846,1264,9
Jun07_2021,69504,140,1254,0,66929,1321,11
Jun08_2021,69645,141,1254,0,67007,1384,11
Jun09_2021,69884,239,1254,0,67190,1440,11
Jun10_2021,69988,104,1254,0,67263,1471,11
Jun11_2021,70053,65,1254,0,67331,1468,11
Jun12_2021,70147,94,1254,0,67432,1461,11
Jun13_2021,70290,143,1255,1,67448,1587,11
Jun14_2021,70402,112,1255,0,67472,1675,10
Jun15_2021,70645,243,1256,1,67641,1748,10
Jun16_2021,70792,147,1256,0,67676,1860,10
Jun17_2021,70908,116,1259,3,67829,1820,10
Jun18_2021,71103,195,1265,6,67931,1907,10
Jun19_2021,71334,231,1265,0,68032,2037,10
Jun20_2021,71514,180,1266,1,68037,2211,10
Jun21_2021,71756,195,1266,0,68202,2288,10
Jun22_2021,71955,199,1268,2,68297,2390,10
Jun23_2021,72325,342,1272,4,68442,2611,10
Jun24_2021,72655,339,1272,0,68461,2922,10
Jun25_2021,72888,233,1273,1,68496,3119,10
Jun26_2021,73211,323,1274,1,68597,3340,10
Jun27_2021,73516,305,1274,0,68614,3628,10
Jun28_2021,73805,289,1276,2,68651,3878,29
Jun29_2021,74153,348,1280,4,68732,4141,29
Jun30_2021,74481,328,1280,0,68820,4381,29
Jul01_2021,74945,464,1283,3,68856,4806,29
Jul02_2021,75394,449,1284,1,68963,5147,29
Jul03_2021,75829,435,1286,2,69094,5449,29
Jul04_2021,76383,554,1289,3,69206,5888,29
Jul05_2021,76794,411,1293,4,69290,6211,29
Jul06_2021,77462,668,1300,7,69330,6832,35
Jul07_2021,78483,837,1307,5,69429,7747,35
Jul08_2021,79253,770,1313,6,69530,8410,47
Jul09_2021,80160,907,1316,3,69602,9242,47
Jul10_2021,80730,570,1317,1,69781,9632,47
Jul11_2021,81353,623,1323,6,70468,9562,47
Jul12_2021,82356,1003,1326,3,70613,10417,51
Jul13_2021,83128,772,1328,2,70851,10949,51
Jul14_2021,83874,746,1338,10,71230,11306,51
Jul15_2021,85199,1325,1343,5,71449,12407,51
Jul16_2021,86756,1557,1349,6,71929,13478,51
Jul17_2021,88074,1318,1355,6,72088,14631,52
Jul18_2021,89257,1183,1369,14,72490,15398,65
Jul19_2021,90331,1074,1393,24,72936,16002,65
Jul20_2021,91586,1255,1409,16,73302,16875,65
Jul21_2021,92866,1280,1431,22,73640,17795,65
Jul22_2021,94044,1178,1447,16,73867,18730,65
Jul23_2021,94739,695,1459,12,74661,18619,68
Jul24_2021,95652,913,1464,5,74984,19204,68
Jul25_2021,96447,795,1475,11,75255,19717,68
Jul26_2021,98005,1558,1485,10,75567,20953,68
Jul27_2021,99028,1023,1499,14,75785,21744,68
Jul28_2021,100449,1421,1512,13,76261,22676,109
Jul29_2021,102253,1804,1524,12,76678,24051,111
Jul30_2021,103610,1357,1529,5,76926,25155,111
Jul31_2021,105156,1373,1537,7,77486,26133,111
Aug01_2021,106045,889,1540,2,77735,26770,111
Aug02_2021,107867,1822,1558,18,78466,27843,111
Aug03_2021,109686,1819,1566,8,80181,27939,111
Aug04_2021,111585,1899,1579,13,81643,28363,111
Aug05_2021,113347,1762,1596,17,82242,29509,111
Aug06_2021,115051,1704,1606,10,82522,30923,111
Aug07_2021,116090,1039,1618,12,82819,31653,111
Aug08_2021,117043,953,1622,4,83409,32012,112
Aug09_2021,119388,2345,1649,27,84319,33420,144
Aug10_2021,121126,1734,1672,23,85383,34071,143
Aug11_2021,123031,1877,1692,20,86648,34691,143
Aug12_2021,124931,1900,1702,10,87980,35249,143
Aug13_2021,127284,2353,1723,21,89234,36327,140
Aug14_2021,128088,804,1735,12,90221,36132,140
Aug15_2021,129006,918,1742,7,90462,36802,140
Aug16_2021,132091,3085,1797,55,93531,36763,140
Aug17_2021,135347,3236,1822,25,96004,37521,140
Aug18_2021,138311,2964,1845,23,98734,37732,149
Aug19_2021,141271,2960,1864,19,101008,38399,158
Aug20_2021,143107,1836,1890,26,103540,37677,450
Aug21_2021,144220,1113,1894,4,104381,37945,450
Aug22_2021,145456,1236,1902,8,105525,38029,450
Aug23_2021,149728,4272,1965,63,108180,39583,450
Aug24_2021,151963,2235,1991,26,111784,38188,465
Aug25_2021,153259,1296,2024,33,111980,39255,504
Aug26_2021,154862,1603,2053,29,112210,40599,233
Aug27_2021,156113,1251,2081,28,112691,41341,231
Aug28_2021,157577,1464,2083,2,113127,42367,231
Aug29_2021,159375,1798,2089,6,113353,43933,231
Aug30_2021,160970,1595,2140,51,113985,44845,231
Aug31_2021,162764,1794,2164,24,114797,45803,231
Sep01_2021,164460,1696,2188,24,117106,45166,237
Sep02_2021,166234,1774,2213,25,118214,45807,234
Sep03_2021,168164,1930,2246,33,119266,46652,233
Sep04_2021,170124,1960,2253,7,119302,48569,233
Sep05_2021,171958,1834,2254,3,120025,49679,233
Sep06_2021,173655,1697,2304,50,122715,48636,235
Sep07_2021,175403,1748,2327,23,123185,49891,237
Sep08_2021,177642,2239,2350,23,124935,50357,236
Sep09_2021,179655,2013,2366,16,125506,51783,237
Sep10_2021,181739,2084,2391,25,125626,53722,233
Sep11_2021,184139,2400,2402,11,126357,55380,231
Sep12_2021,186271,2129,2409,7,126597,57265,233
Sep13_2021,188412,2141,2443,34,126630,59339,225
Sep14_2021,190591,2178,2465,20,126817,61309,228
Sep15_2021,192464,1873,2482,17,127097,62885,231
Sep16_2021,195650,3186,2503,21,151334,41813,411
Sep17_2021,197978,2328,2553,50,153207,42218,402
Sep18_2021,200577,2599,2562,9,154819,43196,423
Sep19_2021,202381,1804,2582,20,154949,44850,424
Sep20_2021,204373,1992,2604,22,155173,46596,414
Sep21_2021,206889,2516,2626,22,160024,44239,427
Sep22_2021,209330,2202,2672,33,160395,46263,423
Sep23_2021,211885,2555,2696,24,164147,45042,430
Sep24_2021,214370,2485,2725,29,164278,47367,436
Sep25_2021,216567,2197,2753,28,167560,46254,438
Sep26_2021,218846,2279,2777,24,167804,48265,438
Sep27_2021,220595,1749,2808,31,170742,47045,399
Sep28_2021,223197,2602,2857,49,167851,52489,400
Sep29_2021,225663,2466,2901,44,168185,54577,397
Sep30_2021,228728,3065,2919,18,175940,49869,397
Oct01_2021,231326,2598,2961,42,176058,52307,394
Oct02_2021,234064,2738,2987,26,176201,54876,394
Oct03_2021,236476,2412,3009,22,176290,57177,391
Oct04_2021,238851,2375,3029,20,187824,47998,390
Oct05_2021,242012,3161,3053,24,187942,51017,390
Oct06_2021,244560,2548,3100,47,194137,47323,386
Oct07_2021,247325,2765,3127,27,194261,49937,394
Oct08_2021,250592,3267,3156,29,200924,46512,386
Oct09_2021,253302,2710,3177,21,201011,49114,387
Oct10_2021,256432,3130,3192,15,201217,52023,387
Oct11_2021,258636,2204,3212,20,201474,53950,384
Oct12_2021,261064,2428,3240,28,201872,55952,384
Oct13_2021,263810,2746,3294,54,211489,49027,376
Oct14_2021,267084,3274,3319,25,211816,51949,374
Oct15_2021,269884,2762,3336,17,216368,50180,383
Oct16_2021,272310,2426,3350,14,216428,52532,377
Oct17_2021,274508,2198,3371,21,216503,54634,374
Oct18_2021,277965,2518,3428,14,223502,51035,374
Oct19_2021,280456,2491,3447,19,225312,51697,380
Oct20_2021,283165,2671,3468,21,228728,50969,384
Oct21_2021,286289,3124,3496,28,229209,53584,384
Oct22_2021,289522,3212,3536,40,232542,53444,382
Oct23_2021,291751,2229,3547,11,232547,55657,366
Oct24_2021,294934,3183,3573,26,238553,52808,330
Oct25_2021,297118,2147,3588,15,240813,52717,331
Oct26_2021,299426,2306,3593,5,243099,52734,328
Oct27_2021,301667,2241,3612,19,246407,51648,326
Oct28_2021,304314,2647,3650,38,251115,49549,322
Oct29_2021,306737,2389,3685,35,251916,51136,321
Oct30_2021,308502,1765,3699,14,256564,48239,266
Oct31_2021,310375,1873,3716,17,257382,49277,259
Nov01_2021,312267,1862,3725,10,260211,48331,261
Nov02_2021,313837,1570,3754,29,264754,45329,254
Nov03_2021,316121,2284,3773,19,265173,47175,240
Nov04_2021,317851,1730,3786,13,269756,44309,225
Nov05_2021,319965,2097,3815,29,270261,45889,225
Nov06_2021,321763,1798,3827,12,274362,43574,200
Nov07_2021,323460,1697,3839,12,276619,43002,188
Nov08_2021,325331,1750,3854,15,278759,42718,186
Nov09_2021,326906,1575,3876,22,280863,42167,183
Nov10_2021,328761,1548,3899,23,283396,41466,182
Nov11_2021,330640,1879,3905,6,284837,41898,152
Nov12_2021,332308,1652,3916,11,285629,42763,147
Nov13_2021,334432,2124,3935,19,286558,43939,150
Nov14_2021,335869,1437,3946,11,287869,44054,141
Nov15_2021,337170,1300,3968,22,288996,44206,145
Nov16_2021,338549,1379,3980,12,293866,40703,140
Nov17_2021,340341,1785,3989,9,294061,42291,126
Nov18_2021,341817,1476,4004,15,296867,40946,126
Nov19_2021,344251,2163,4067,24,299335,40849,120
Nov20_2021,345805,1554,4074,7,299408,42323,118
Nov21_2021,353286,2050,4084,9,272115,32114,182
Nov22_2021,354743,1457,4089,5,274900,30781,170
Nov23_2021,356171,1398,4153,40,276240,30805,174
Nov24_2021,357986,1815,4170,17,277540,31303,182
Nov25_2021,359897,1911,4176,6,278824,31924,175
Nov26_2021,361801,1904,4185,9,291706,20937,169
Nov27_2021,363498,1697,4190,5,292581,21754,165
Nov28_2021,364967,1469,4198,8,294172,21624,165
Nov29_2021,366418,1439,4201,3,295341,21903,167
Nov30_2021,367770,1352,4212,11,295524,23061,161
Dec01_2021,370138,1663,4218,6,297780,22457,160
Dec02_2021,372145,2007,4232,14,298798,23430,157
Dec03_2021,373846,1692,4245,13,300200,23714,160
Dec04_2021,375659,1813,4255,10,300341,25376,144
Dec05_2021,377187,1528,4264,9,300802,26434,142
Dec06_2021,378643,1447,4270,6,301093,27592,143
Dec07_2021,380323,1647,4302,32,306188,24145,149
Dec08_2021,382196,1870,4310,8,309627,22563,148
Dec09_2021,384109,1913,4320,10,311421,22670,142
Dec10_2021,385956,1842,4322,2,313000,22936,149
Dec11_2021,387788,1832,4340,18,314099,23651,157
Dec12_2021,389528,1740,4357,17,315559,23914,161
Dec13_2021,391508,1968,4361,4,316920,24529,165
Dec14_2021,393618,2110,4368,7,319061,24491,164
Dec15_2021,396528,2905,4372,4,325148,21309,171
Dec16_2021,400061,3533,4382,10,326412,23561,176
Dec17_2021,404027,3932,4393,11,328218,25710,168
Dec18_2021,408131,4104,4401,8,329252,28772,172
Dec19_2021,412121,3990,4405,4,331267,30743,167
Dec20_2021,416193,4049,4405,0,333037,33045,172
Dec21_2021,420776,4583,4413,8,334726,35923,170
Dec22_2021,426690,5906,4421,8,336528,40002,169
Dec23_2021,435444,8735,4432,11,338521,46751,177
Dec24_2021,444688,9204,4441,9,340565,53942,176
Dec25_2021,454701,10013,4447,6,340565,63949,170
Dec26_2021,464222,9494,4450,3,344396,69636,176
Dec27_2021,474591,10240,4458,8,349366,75021,183
Dec28_2021,485937,11346,4464,6,351656,84071,179
Dec29_2021,504489,18437,4474,10,357322,96947,173
Dec30_2021,525872,21383,4490,16,362206,113430,165
Dec31_2021,558790,32918,4503,13,367804,140737,172
Jan01_2022,594816,35477,4519,16,382004,162547,170
Jan02_2022,627201,32385,4525,6,384620,192310,183
Jan03_2022,665208,37320,4534,9,391821,223107,205
Jan04_2022,713100,47892,4539,5,403853,258870,221
Jan05_2022,778288,64920,4559,20,435114,292777,230
Jan06_2022,850652,72364,4572,13,464747,335435,242
Jan07_2022,928522,77870,4590,18,491612,386422,304
Jan08_2022,1045708,116190,4620,30,491786,503404,328
Jan09_2022,1146387,100679,4643,23,491942,603904,335
Jan10_2022,1219253,72367,4670,27,492309,676376,360
Jan11_2022,1312426,93170,4701,31,541314,720334,377
Jan12_2022,1418399,105535,4758,57,541987,825577,383
Jan13_2022,1572522,154109,4815,57,573228,948347,384
Jan14_2022,1707522,135000,4872,57,573362,1082915,396
Jan15_2022,1812347,104091,4936,64,574148,1186890,418
Jan16_2022,1899927,87580,4971,35,779521,1069062,427
Jan17_2022,1975424,75306,5019,48,782068,1141841,452
Jan18_2022,2049540,74116,5096,77,782171,1215634,461
Jan19_2022,2125875,75958,5167,71,1022958,1051111,466
Jan20_2022,2201480,75605,5222,55,1023050,1126569,453
Jan21_2022,2267033,65350,5331,109,1023826,1191042,466
Jan22_2022,2324808,57775,5405,74,1282518,990051,464
Jan23_2022,2375519,50711,5445,40,1282565,1040675,433
Jan24_2022,2419934,43667,5508,62,1284456,1082950,457
Jan25_2022,2470349,50160,5582,74,1387446,1030163,428
Jan26_2022,2525798,55243,5699,117,2016731,456210,414
Jan27_2022,2611801,86003,5774,75,2101532,457087,429
Jan28_2022,2668932,56892,5915,141,2217047,398562,437
Jan29_2022,2719021,50089,6011,96,2307993,357609,438
Jan30_2022,2696471,217,6095,84,2367318,275650,431
Jan31_2022,2733241,36623,6145,50,2369130,310336,431
Feb01_2022,2771071,37629,6226,81,2407643,309572,422
Feb02_2022,2806564,35126,6306,80,2450910,301253,395
Feb03_2022,2841569,35005,6397,91,2507739,279338,369
Feb04_2022,2876654,35026,6487,90,2508772,312510,372
Feb05_2022,2905006,28352,6570,83,2595676,253875,365
Feb06_2022,2929394,24388,6623,53,2595845,278041,353
Feb07_2022,2956065,26618,6675,52,2599307,301198,369
Feb08_2022,2988425,32360,6733,58,2600301,331448,386
Feb09_2022,3008151,19632,6800,66,2704009,246255,396
Feb10_2022,3039514,31363,6888,88,2766680,214859,394
Feb11_2022,3073376,33801,6944,56,2809618,203598,348
Feb12_2022,3096792,23416,7011,67,2834030,202535,355
Feb13_2022,3121611,24775,7063,52,2859777,201555,309
Feb14_2022,3149241,27630,7095,32,2838790,247335,321
Feb15_2022,3176950,27729,7150,55,2890245,223534,302
Feb16_2022,3174479,33568,7241,91,2920440,189175,301
Feb17_2022,3205520,31041,7313,72,2921011,219573,300
Feb18_2022,3237190,31613,7351,38,2924384,245376,283
Feb19_2022,3261103,23913,7399,48,2941746,251879,265
Feb20_2022,3281291,20188,7446,47,2962622,251144,259
Feb21_2022,3304777,23468,7465,19,2992071,243307,253
Feb22_2022,3336121,31344,7506,41,3016318,250363,246
Feb23_2022,3371359,35059,7581,75,3053380,246686,240
Feb24_2022,3405829,34470,7631,50,3079660,253593,227
Feb25_2022,3443524,37671,7667,36,3107008,263904,222
Feb26_2022,3479435,35911,7703,36,3129244,277543,213
Feb27_2022,3513042,33607,7733,30,3147499,292865,200
Feb28_2022,3549735,36521,7750,17,3173277,302648,190
Mar01_2022,3594594,44859,7801,51,3203549,316234,190
Mar02_2022,3644775,50079,7862,61,3226501,343402,189
Mar03_2022,3705659,60884,7913,51,3256858,373105,186
Mar04_2022,3753519,47841,7959,46,3295805,381972,154
Mar05_2022,3796115,42596,8011,52,3320724,399597,154
Mar06_2022,3831073,34939,8027,16,3339834,415429,153
Mar07_2022,3872636,41563,8063,36,3366834,429407,158
Mar08_2022,3940527,67891,8081,18,3426366,437748,150
Mar09_2022,3998156,57615,8115,34,3471030,450068,146
Mar10_2022,4057769,59743,8163,31,3512471,467620,159
Mar11_2022,4114147,56272,8195,32,3551286,485151,143
Mar12_2022,4164704,50557,8219,24,3608861,478109,139
Mar13_2022,4209415,44665,8244,25,3652277,479379,150
Mar14_2022,4252121,42706,8252,8,3699278,474800,154
Mar15_2022,4309064,56943,8297,38,3750798,479788,150
Mar16_2022,4387671,78563,8328,31,3799054,510108,146
Mar17_2022,4460969,73298,8367,39,3848686,533318,142
Mar18_2022,4524453,63484,8399,32,3968896,476560,135
Mar19_2022,4590066,65613,8432,33,4015871,495165,129
Mar20_2022,4642488,52422,8448,16,4057351,506091,128
Mar21_2022,4698044,55455,8467,19,4104353,514400,130
Mar22_2022,4773899,75810,8510,43,4169566,524796,133
Mar23_2022,4857341,83348,8543,33,4235156,542615,136
Mar24_2022,4940304,82915,8590,47,4300416,560076,143
Mar25_2022,5015852,75507,8627,37,4356855,579148,129
Mar26_2022,5083183,67331,8673,46,4413177,590111,131
Mar27_2022,5141114,57931,8692,19,4471044,590156,130
Mar28_2022,5202564,61486,8708,16,4528200,594244,144
Mar29_2022,5281315,78751,8778,70,4549966,651022,150
Mar30_2022,5365529,84570,8825,47,4687176,597979,124
Mar31_2022,5442101,76503,8879,54,4763817,597856,119
Apr01_2022,5521330,79181,8910,31,4832365,608383,129
Apr02_2022,5588184,66854,9286,45,4897983,609243,136
Apr03_2022,5645054,56840,9323,37,4952742,611317,145
Apr04_2022,5703096,58213,9352,29,5017520,604485,142
Apr05_2022,5777298,74202,9420,68,5109026,587027,150
Apr06_2022,5852810,75378,9466,46,5194075,577444,140
Apr07_2022,5929700,76543,9523,56,5272320,576032,141
Apr08_2022,5999417,69697,9563,40,5342253,575721,132
Apr09_2022,6057820,58403,9602,39,5405319,571019,143
Apr10_2022,6109748,51928,9628,26,5459165,569075,143
